<?xml version="1.0" encoding="utf-8"?><feed xmlns="http://www.w3.org/2005/Atom" ><generator uri="https://jekyllrb.com/" version="3.9.5">Jekyll</generator><link href="http://0.0.0.0:4000/feed.xml" rel="self" type="application/atom+xml" /><link href="http://0.0.0.0:4000/" rel="alternate" type="text/html" /><updated>2024-12-11T17:06:17+00:00</updated><id>http://0.0.0.0:4000/feed.xml</id><title type="html">OneFlow Jekyll Theme</title><subtitle>Jekyll Theme to easily create stunning &amp; practical One-Pager Websites</subtitle></feed>